{
  "AIC": -5905.067889575485,
  "BIC": -5834.949468698269,
  "F0_ode": {
    "0.2617993878": 0.40721391266,
    "0.7853981634": 0.44640052771,
    "1.3089969390": 0.54033047422,
    "1.8325957146": 0.73593139451,
    "2.3561944902": 1.1805586406,
    "2.8797932658": 2.6857497222
  },
  "beta": 0.0,
  "canonical_xi_form": "xi = (2 x / (3 t_osc))^(3/2) * f_tilde / F0",
  "f_infty_lattice": {
    "0.2617993878": 2.257309198758021,
    "0.7853981634": 2.262783928608588,
    "1.3089969390": 2.281720529947524,
    "1.8325957146": 2.3329186972220652,
    "2.3561944902": 2.49070576290604,
    "2.8797932658": 3.226538597341029
  },
  "f_infty_ode": {
    "0.2617993878": 1.757898298810238,
    "0.7853981634": 1.7945413776000563,
    "1.3089969390": 1.871044795683489,
    "1.8325957146": 1.994862866610991,
    "2.3561944902": 2.1789061760314565,
    "2.8797932658": 2.4368914360398586
  },
  "f_tilde_form": "f_tilde = f_infty(theta0) + F0(theta0) / ((2 x / (3 t_osc))^(3/2) * D), with tc(theta0,v_w) = tc0(v_w) * h(theta0)^gamma and r = r(v_w)",
  "gamma": 0.6522079404352167,
  "h_theta_form": "h(theta0) = log(e / cos(theta0/2)^2)",
  "label": "$r(v_w)$, $t_c^{(0)}(v_w)\\,h(\\theta_0)^\\gamma$",
  "mean_raw_rmse_by_h": {
    "1.0": 0.022451583062716097,
    "1.5": 0.017836622670427325,
    "2.0": 0.021302467691563135
  },
  "mean_raw_rmse_by_h_vw": {
    "H1.0_vw0.3": 0.025146881882070874,
    "H1.0_vw0.5": 0.02048671540091389,
    "H1.0_vw0.7": 0.021459046887283936,
    "H1.0_vw0.9": 0.022713688080595696,
    "H1.5_vw0.3": 0.02519528473264519,
    "H1.5_vw0.5": 0.022594772692133374,
    "H1.5_vw0.7": 0.012176668443747075,
    "H1.5_vw0.9": 0.011379764813183686,
    "H2.0_vw0.3": 0.04317912135150539,
    "H2.0_vw0.5": 0.027672484452094897,
    "H2.0_vw0.7": 0.006147880524855323,
    "H2.0_vw0.9": 0.00821038443779694
  },
  "message": "`ftol` termination condition is satisfied.",
  "mode": "rvw_theta_hgamma",
  "n_params": 15,
  "n_points": 792,
  "per_vw_rel_rmse": {
    "0.3": 0.03329424184626485,
    "0.5": 0.02507034526147932,
    "0.7": 0.015244030611852106,
    "0.9": 0.016023369935907306
  },
  "r_by_vw": {
    "0.3": 3.768956968764664,
    "0.5": 2.9142235774994045,
    "0.7": 2.105640952851621,
    "0.9": 1.986421686759675
  },
  "raw_plot_rmse": [
    {
      "H": 1.0,
      "rel_rmse": 0.04031041518174267,
      "theta": 0.2617993877991494,
      "v_w": 0.3
    },
    {
      "H": 1.0,
      "rel_rmse": 0.03861663229512577,
      "theta": 0.2617993877991494,
      "v_w": 0.5
    },
    {
      "H": 1.0,
      "rel_rmse": 0.02979704744695323,
      "theta": 0.2617993877991494,
      "v_w": 0.7
    },
    {
      "H": 1.0,
      "rel_rmse": 0.025996771204981242,
      "theta": 0.2617993877991494,
      "v_w": 0.9
    },
    {
      "H": 1.0,
      "rel_rmse": 0.028414426908571194,
      "theta": 0.7853981633974483,
      "v_w": 0.3
    },
    {
      "H": 1.0,
      "rel_rmse": 0.029837194723744045,
      "theta": 0.7853981633974483,
      "v_w": 0.5
    },
    {
      "H": 1.0,
      "rel_rmse": 0.02260734363092518,
      "theta": 0.7853981633974483,
      "v_w": 0.7
    },
    {
      "H": 1.0,
      "rel_rmse": 0.019735259380692923,
      "theta": 0.7853981633974483,
      "v_w": 0.9
    },
    {
      "H": 1.0,
      "rel_rmse": 0.011868755716395637,
      "theta": 1.308996938995747,
      "v_w": 0.3
    },
    {
      "H": 1.0,
      "rel_rmse": 0.01898714380472621,
      "theta": 1.308996938995747,
      "v_w": 0.5
    },
    {
      "H": 1.0,
      "rel_rmse": 0.019542792331457944,
      "theta": 1.308996938995747,
      "v_w": 0.7
    },
    {
      "H": 1.0,
      "rel_rmse": 0.019731849361676202,
      "theta": 1.308996938995747,
      "v_w": 0.9
    },
    {
      "H": 1.0,
      "rel_rmse": 0.012561807946428576,
      "theta": 1.832595714594046,
      "v_w": 0.3
    },
    {
      "H": 1.0,
      "rel_rmse": 0.006524836989032497,
      "theta": 1.832595714594046,
      "v_w": 0.5
    },
    {
      "H": 1.0,
      "rel_rmse": 0.02107569656601365,
      "theta": 1.832595714594046,
      "v_w": 0.7
    },
    {
      "H": 1.0,
      "rel_rmse": 0.024717769869148178,
      "theta": 1.832595714594046,
      "v_w": 0.9
    },
    {
      "H": 1.0,
      "rel_rmse": 0.02715567091018987,
      "theta": 2.356194490192345,
      "v_w": 0.3
    },
    {
      "H": 1.0,
      "rel_rmse": 0.01626009398896841,
      "theta": 2.356194490192345,
      "v_w": 0.5
    },
    {
      "H": 1.0,
      "rel_rmse": 0.014351287248425175,
      "theta": 2.356194490192345,
      "v_w": 0.7
    },
    {
      "H": 1.0,
      "rel_rmse": 0.019540678434905437,
      "theta": 2.356194490192345,
      "v_w": 0.9
    },
    {
      "H": 1.0,
      "rel_rmse": 0.030570214629097304,
      "theta": 2.879793265790644,
      "v_w": 0.3
    },
    {
      "H": 1.0,
      "rel_rmse": 0.01269439060388642,
      "theta": 2.879793265790644,
      "v_w": 0.5
    },
    {
      "H": 1.0,
      "rel_rmse": 0.021380114099928443,
      "theta": 2.879793265790644,
      "v_w": 0.7
    },
    {
      "H": 1.0,
      "rel_rmse": 0.026559800232170205,
      "theta": 2.879793265790644,
      "v_w": 0.9
    },
    {
      "H": 1.5,
      "rel_rmse": 0.012877234436059462,
      "theta": 0.2617993877991494,
      "v_w": 0.3
    },
    {
      "H": 1.5,
      "rel_rmse": 0.01404778162943744,
      "theta": 0.2617993877991494,
      "v_w": 0.5
    },
    {
      "H": 1.5,
      "rel_rmse": 0.012618904544339329,
      "theta": 0.2617993877991494,
      "v_w": 0.7
    },
    {
      "H": 1.5,
      "rel_rmse": 0.013447375862426713,
      "theta": 0.2617993877991494,
      "v_w": 0.9
    },
    {
      "H": 1.5,
      "rel_rmse": 0.02037002341129504,
      "theta": 0.7853981633974483,
      "v_w": 0.3
    },
    {
      "H": 1.5,
      "rel_rmse": 0.020680053602797985,
      "theta": 0.7853981633974483,
      "v_w": 0.5
    },
    {
      "H": 1.5,
      "rel_rmse": 0.015116371782820612,
      "theta": 0.7853981633974483,
      "v_w": 0.7
    },
    {
      "H": 1.5,
      "rel_rmse": 0.015334691188584427,
      "theta": 0.7853981633974483,
      "v_w": 0.9
    },
    {
      "H": 1.5,
      "rel_rmse": 0.031706898136188474,
      "theta": 1.308996938995747,
      "v_w": 0.3
    },
    {
      "H": 1.5,
      "rel_rmse": 0.031134183164686385,
      "theta": 1.308996938995747,
      "v_w": 0.5
    },
    {
      "H": 1.5,
      "rel_rmse": 0.018218027288450938,
      "theta": 1.308996938995747,
      "v_w": 0.7
    },
    {
      "H": 1.5,
      "rel_rmse": 0.017077128882681994,
      "theta": 1.308996938995747,
      "v_w": 0.9
    },
    {
      "H": 1.5,
      "rel_rmse": 0.030335623226707076,
      "theta": 1.832595714594046,
      "v_w": 0.3
    },
    {
      "H": 1.5,
      "rel_rmse": 0.03190759899156128,
      "theta": 1.832595714594046,
      "v_w": 0.5
    },
    {
      "H": 1.5,
      "rel_rmse": 0.013648705152194828,
      "theta": 1.832595714594046,
      "v_w": 0.7
    },
    {
      "H": 1.5,
      "rel_rmse": 0.01179262233076685,
      "theta": 1.832595714594046,
      "v_w": 0.9
    },
    {
      "H": 1.5,
      "rel_rmse": 0.023709117772837116,
      "theta": 2.356194490192345,
      "v_w": 0.3
    },
    {
      "H": 1.5,
      "rel_rmse": 0.012521628126454208,
      "theta": 2.356194490192345,
      "v_w": 0.5
    },
    {
      "H": 1.5,
      "rel_rmse": 0.00903584900795848,
      "theta": 2.356194490192345,
      "v_w": 0.7
    },
    {
      "H": 1.5,
      "rel_rmse": 0.009002961137558392,
      "theta": 2.356194490192345,
      "v_w": 0.9
    },
    {
      "H": 1.5,
      "rel_rmse": 0.03217281141278394,
      "theta": 2.879793265790644,
      "v_w": 0.3
    },
    {
      "H": 1.5,
      "rel_rmse": 0.02527739063786293,
      "theta": 2.879793265790644,
      "v_w": 0.5
    },
    {
      "H": 1.5,
      "rel_rmse": 0.004422152886718253,
      "theta": 2.879793265790644,
      "v_w": 0.7
    },
    {
      "H": 1.5,
      "rel_rmse": 0.0016238094770837277,