{
  "AIC": -5583.837478189387,
  "BIC": -5532.4173028794285,
  "F0_ode": {
    "0.2617993878": 0.40721391266,
    "0.7853981634": 0.44640052771,
    "1.3089969390": 0.54033047422,
    "1.8325957146": 0.73593139451,
    "2.3561944902": 1.1805586406,
    "2.8797932658": 2.6857497222
  },
  "beta": 0.0,
  "canonical_xi_form": "xi = (2 x / (3 t_osc))^(3/2) * f_tilde / F0",
  "f_infty_lattice": {
    "0.2617993878": 2.0490340339812048,
    "0.7853981634": 2.1200312494972664,
    "1.3089969390": 2.274106830362362,
    "1.8325957146": 2.5598578172906628,
    "2.3561944902": 3.1804561836430763,
    "2.8797932658": 5.393944584930484
  },
  "f_infty_ode": {
    "0.2617993878": 1.757898298810238,
    "0.7853981634": 1.7945413776000563,
    "1.3089969390": 1.871044795683489,
    "1.8325957146": 1.994862866610991,
    "2.3561944902": 2.1789061760314565,
    "2.8797932658": 2.4368914360398586
  },
  "f_tilde_form": "f_tilde = f_infty(theta0) + F0(theta0) / ((2 x / (3 t_osc))^(3/2) * D), with r = r(v_w) and shared tc",
  "label": "$r(v_w)$, shared $t_c$",
  "mean_raw_rmse_by_h": {
    "1.0": 0.025641484103654133,
    "1.5": 0.024822069935521763,
    "2.0": 0.026555149659497346
  },
  "mean_raw_rmse_by_h_vw": {
    "H1.0_vw0.3": 0.0365646002374304,
    "H1.0_vw0.5": 0.017713036202502176,
    "H1.0_vw0.7": 0.022668458466738955,
    "H1.0_vw0.9": 0.025619841507945024,
    "H1.5_vw0.3": 0.027308472200070863,
    "H1.5_vw0.5": 0.024294730410052142,
    "H1.5_vw0.7": 0.021743428687453006,
    "H1.5_vw0.9": 0.02594164844451106,
    "H2.0_vw0.3": 0.04981342828988471,
    "H2.0_vw0.5": 0.03137583254979553,
    "H2.0_vw0.7": 0.009890405000208135,
    "H2.0_vw0.9": 0.015140932798101017
  },
  "message": "`ftol` termination condition is satisfied.",
  "mode": "rvw_globaltc",
  "n_params": 11,
  "n_points": 792,
  "per_vw_rel_rmse": {
    "0.3": 0.04148630757000677,
    "0.5": 0.02651153261628184,
    "0.7": 0.01964047763436739,
    "0.9": 0.023745487950455196
  },
  "r_by_vw": {
    "0.3": 3.6108155473449672,
    "0.5": 2.5536005486758317,
    "0.7": 1.7920923743716548,
    "0.9": 1.6514000170989787
  },
  "raw_plot_rmse": [
    {
      "H": 1.0,
      "rel_rmse": 0.04793682886241809,
      "theta": 0.2617993877991494,
      "v_w": 0.3
    },
    {
      "H": 1.0,
      "rel_rmse": 0.023954329895347248,
      "theta": 0.2617993877991494,
      "v_w": 0.5
    },
    {
      "H": 1.0,
      "rel_rmse": 0.022854626073737113,
      "theta": 0.2617993877991494,
      "v_w": 0.7
    },
    {
      "H": 1.0,
      "rel_rmse": 0.029199028934348212,
      "theta": 0.2617993877991494,
      "v_w": 0.9
    },
    {
      "H": 1.0,
      "rel_rmse": 0.044669407758526236,
      "theta": 0.7853981633974483,
      "v_w": 0.3
    },
    {
      "H": 1.0,
      "rel_rmse": 0.023012627258090446,
      "theta": 0.7853981633974483,
      "v_w": 0.5
    },
    {
      "H": 1.0,
      "rel_rmse": 0.021816034157142263,
      "theta": 0.7853981633974483,
      "v_w": 0.7
    },
    {
      "H": 1.0,
      "rel_rmse": 0.025838181191032483,
      "theta": 0.7853981633974483,
      "v_w": 0.9
    },
    {
      "H": 1.0,
      "rel_rmse": 0.0371754918812388,
      "theta": 1.308996938995747,
      "v_w": 0.3
    },
    {
      "H": 1.0,
      "rel_rmse": 0.02106732469469149,
      "theta": 1.308996938995747,
      "v_w": 0.5
    },
    {
      "H": 1.0,
      "rel_rmse": 0.020947870860264135,
      "theta": 1.308996938995747,
      "v_w": 0.7
    },
    {
      "H": 1.0,
      "rel_rmse": 0.0225907409444116,
      "theta": 1.308996938995747,
      "v_w": 0.9
    },
    {
      "H": 1.0,
      "rel_rmse": 0.02486844031007026,
      "theta": 1.832595714594046,
      "v_w": 0.3
    },
    {
      "H": 1.0,
      "rel_rmse": 0.016986661234859594,
      "theta": 1.832595714594046,
      "v_w": 0.5
    },
    {
      "H": 1.0,
      "rel_rmse": 0.02221918606804141,
      "theta": 1.832595714594046,
      "v_w": 0.7
    },
    {
      "H": 1.0,
      "rel_rmse": 0.020542891308303037,
      "theta": 1.832595714594046,
      "v_w": 0.9
    },
    {
      "H": 1.0,
      "rel_rmse": 0.028495732348340234,
      "theta": 2.356194490192345,
      "v_w": 0.3
    },
    {
      "H": 1.0,
      "rel_rmse": 0.012308900060346122,
      "theta": 2.356194490192345,
      "v_w": 0.5
    },
    {
      "H": 1.0,
      "rel_rmse": 0.020165667312255983,
      "theta": 2.356194490192345,
      "v_w": 0.7
    },
    {
      "H": 1.0,
      "rel_rmse": 0.02013745438398444,
      "theta": 2.356194490192345,
      "v_w": 0.9
    },
    {
      "H": 1.0,
      "rel_rmse": 0.03624170026398874,
      "theta": 2.879793265790644,
      "v_w": 0.3
    },
    {
      "H": 1.0,
      "rel_rmse": 0.008948374071678157,
      "theta": 2.879793265790644,
      "v_w": 0.5
    },
    {
      "H": 1.0,
      "rel_rmse": 0.02800736632899283,
      "theta": 2.879793265790644,
      "v_w": 0.7
    },
    {
      "H": 1.0,
      "rel_rmse": 0.03541075228559035,
      "theta": 2.879793265790644,
      "v_w": 0.9
    },
    {
      "H": 1.5,
      "rel_rmse": 0.029832922395959353,
      "theta": 0.2617993877991494,
      "v_w": 0.3
    },
    {
      "H": 1.5,
      "rel_rmse": 0.026785125241812046,
      "theta": 0.2617993877991494,
      "v_w": 0.5
    },
    {
      "H": 1.5,
      "rel_rmse": 0.029679674505525996,
      "theta": 0.2617993877991494,
      "v_w": 0.7
    },
    {
      "H": 1.5,
      "rel_rmse": 0.03530644598861272,
      "theta": 0.2617993877991494,
      "v_w": 0.9
    },
    {
      "H": 1.5,
      "rel_rmse": 0.02380358483068636,
      "theta": 0.7853981633974483,
      "v_w": 0.3
    },
    {
      "H": 1.5,
      "rel_rmse": 0.027250022707583803,
      "theta": 0.7853981633974483,
      "v_w": 0.5
    },
    {
      "H": 1.5,
      "rel_rmse": 0.0287390379908911,
      "theta": 0.7853981633974483,
      "v_w": 0.7
    },
    {
      "H": 1.5,
      "rel_rmse": 0.032683670214205346,
      "theta": 0.7853981633974483,
      "v_w": 0.9
    },
    {
      "H": 1.5,
      "rel_rmse": 0.015598419019908449,
      "theta": 1.308996938995747,
      "v_w": 0.3
    },
    {
      "H": 1.5,
      "rel_rmse": 0.028616311971358794,
      "theta": 1.308996938995747,
      "v_w": 0.5
    },
    {
      "H": 1.5,
      "rel_rmse": 0.02590271498835207,
      "theta": 1.308996938995747,
      "v_w": 0.7
    },
    {
      "H": 1.5,
      "rel_rmse": 0.026966612493581826,
      "theta": 1.308996938995747,
      "v_w": 0.9
    },
    {
      "H": 1.5,
      "rel_rmse": 0.013027725532449439,
      "theta": 1.832595714594046,
      "v_w": 0.3
    },
    {
      "H": 1.5,
      "rel_rmse": 0.02512538088253847,
      "theta": 1.832595714594046,
      "v_w": 0.5
    },
    {
      "H": 1.5,
      "rel_rmse": 0.014863815717496336,
      "theta": 1.832595714594046,
      "v_w": 0.7
    },
    {
      "H": 1.5,
      "rel_rmse": 0.013780260033951263,
      "theta": 1.832595714594046,
      "v_w": 0.9
    },
    {
      "H": 1.5,
      "rel_rmse": 0.020239809650388386,
      "theta": 2.356194490192345,
      "v_w": 0.3
    },
    {
      "H": 1.5,
      "rel_rmse": 0.0048534672983990635,
      "theta": 2.356194490192345,
      "v_w": 0.5
    },
    {
      "H": 1.5,
      "rel_rmse": 0.01649693970687367,
      "theta": 2.356194490192345,
      "v_w": 0.7
    },
    {
      "H": 1.5,
      "rel_rmse": 0.020495655579934186,
      "theta": 2.356194490192345,
      "v_w": 0.9
    },
    {
      "H": 1.5,
      "rel_rmse": 0.0613483717710332,
      "theta": 2.879793265790644,
      "v_w": 0.3
    },
    {
      "H": 1.5,
      "rel_rmse": 0.03313807435862066,
      "theta": 2.879793265790644,
      "v_w": 0.5
    },
    {
      "H": 1.5,
      "rel_rmse": 0.014778389215578861,
      "theta": 2.879793265790644,
      "v_w": 0.7
    },
    {
      "H": 1.5,
      "rel_rmse": 0.026417246356781016,
      "theta": 2.879793265790644,
      "v_w": 0.9
    },
    {
      "H": 2.0,
      "rel_rmse": 0.07157540780355842,
      "theta": 0.2617993877991494,