{
  "AIC": -5542.529607673015,
  "BIC": -5491.109432363056,
  "F0_ode": {
    "0.2617993878": 0.40721391266,
    "0.7853981634": 0.44640052771,
    "1.3089969390": 0.54033047422,
    "1.8325957146": 0.73593139451,
    "2.3561944902": 1.1805586406,
    "2.8797932658": 2.6857497222
  },
  "beta": 0.0,
  "canonical_xi_form": "xi = (2 x / (3 t_osc))^(3/2) * f_tilde / F0",
  "f_infty_lattice": {
    "0.2617993878": 1.9723720509821294,
    "0.7853981634": 2.0359500068489695,
    "1.3089969390": 2.172217664202206,
    "1.8325957146": 2.42082931025164,
    "2.3561944902": 2.9568854722511575,
    "2.8797932658": 4.884852724744903
  },
  "f_infty_ode": {
    "0.2617993878": 1.757898298810238,
    "0.7853981634": 1.7945413776000563,
    "1.3089969390": 1.871044795683489,
    "1.8325957146": 1.994862866610991,
    "2.3561944902": 2.1789061760314565,
    "2.8797932658": 2.4368914360398586
  },
  "f_tilde_form": "f_tilde = f_infty(theta0) + F0(theta0) / ((2 x / (3 t_osc))^(3/2) * D), with r = r(v_w) and shared tc",
  "label": "$r(v_w)$, shared $t_c$",
  "mean_raw_rmse_by_h": {
    "1.0": 0.026572849060394588,
    "1.5": 0.025110394216900134,
    "2.0": 0.027230228103153297
  },
  "mean_raw_rmse_by_h_vw": {
    "H1.0_vw0.3": 0.03638078265692506,
    "H1.0_vw0.5": 0.018429572098792372,
    "H1.0_vw0.7": 0.02431469507505034,
    "H1.0_vw0.9": 0.027166346410810577,
    "H1.5_vw0.3": 0.028225119651569153,
    "H1.5_vw0.5": 0.024076737520161217,
    "H1.5_vw0.7": 0.021961213247763078,
    "H1.5_vw0.9": 0.026178506448107094,
    "H2.0_vw0.3": 0.0520867932088912,
    "H2.0_vw0.5": 0.031795645816789266,
    "H2.0_vw0.7": 0.00984019542942155,
    "H2.0_vw0.9": 0.015198277957511169
  },
  "message": "`ftol` termination condition is satisfied.",
  "mode": "rvw_globaltc",
  "n_params": 11,
  "n_points": 792,
  "per_vw_rel_rmse": {
    "0.3": 0.042764689492323635,
    "0.5": 0.026838995446911984,
    "0.7": 0.020325960196874465,
    "0.9": 0.024328982028820043
  },
  "r_by_vw": {
    "0.3": 4.505926312930864,
    "0.5": 2.975153279021385,
    "0.7": 1.9405784699465851,
    "0.9": 1.7591010480974194
  },
  "raw_plot_rmse": [
    {
      "H": 1.0,
      "rel_rmse": 0.04819680262860324,
      "theta": 0.2617993877991494,
      "v_w": 0.3
    },
    {
      "H": 1.0,
      "rel_rmse": 0.024379478014590162,
      "theta": 0.2617993877991494,
      "v_w": 0.5
    },
    {
      "H": 1.0,
      "rel_rmse": 0.024950113958130796,
      "theta": 0.2617993877991494,
      "v_w": 0.7
    },
    {
      "H": 1.0,
      "rel_rmse": 0.03164427211438828,
      "theta": 0.2617993877991494,
      "v_w": 0.9
    },
    {
      "H": 1.0,
      "rel_rmse": 0.04492231725051021,
      "theta": 0.7853981633974483,
      "v_w": 0.3
    },
    {
      "H": 1.0,
      "rel_rmse": 0.023478253306544624,
      "theta": 0.7853981633974483,
      "v_w": 0.5
    },
    {
      "H": 1.0,
      "rel_rmse": 0.023981556641011474,
      "theta": 0.7853981633974483,
      "v_w": 0.7
    },
    {
      "H": 1.0,
      "rel_rmse": 0.028343506853751223,
      "theta": 0.7853981633974483,
      "v_w": 0.9
    },
    {
      "H": 1.0,
      "rel_rmse": 0.037389452908718465,
      "theta": 1.308996938995747,
      "v_w": 0.3
    },
    {
      "H": 1.0,
      "rel_rmse": 0.02168912960137924,
      "theta": 1.308996938995747,
      "v_w": 0.5
    },
    {
      "H": 1.0,
      "rel_rmse": 0.02308537439921717,
      "theta": 1.308996938995747,
      "v_w": 0.7
    },
    {
      "H": 1.0,
      "rel_rmse": 0.02509491467336779,
      "theta": 1.308996938995747,
      "v_w": 0.9
    },
    {
      "H": 1.0,
      "rel_rmse": 0.024765575248938777,
      "theta": 1.832595714594046,
      "v_w": 0.3
    },
    {
      "H": 1.0,
      "rel_rmse": 0.018239363106289336,
      "theta": 1.832595714594046,
      "v_w": 0.5
    },
    {
      "H": 1.0,
      "rel_rmse": 0.02430435342537118,
      "theta": 1.832595714594046,
      "v_w": 0.7
    },
    {
      "H": 1.0,
      "rel_rmse": 0.02262814599581921,
      "theta": 1.832595714594046,
      "v_w": 0.9
    },
    {
      "H": 1.0,
      "rel_rmse": 0.02813519696644885,
      "theta": 2.356194490192345,
      "v_w": 0.3
    },
    {
      "H": 1.0,
      "rel_rmse": 0.014152978064891318,
      "theta": 2.356194490192345,
      "v_w": 0.5
    },
    {
      "H": 1.0,
      "rel_rmse": 0.022652839935560217,
      "theta": 2.356194490192345,
      "v_w": 0.7
    },
    {
      "H": 1.0,
      "rel_rmse": 0.021972765635513664,
      "theta": 2.356194490192345,
      "v_w": 0.9
    },
    {
      "H": 1.0,
      "rel_rmse": 0.03487535093833087,
      "theta": 2.879793265790644,
      "v_w": 0.3
    },
    {
      "H": 1.0,
      "rel_rmse": 0.008638230499059556,
      "theta": 2.879793265790644,
      "v_w": 0.5
    },
    {
      "H": 1.0,
      "rel_rmse": 0.026913932091011204,
      "theta": 2.879793265790644,
      "v_w": 0.7
    },
    {
      "H": 1.0,
      "rel_rmse": 0.03331447319202331,
      "theta": 2.879793265790644,
      "v_w": 0.9
    },
    {
      "H": 1.5,
      "rel_rmse": 0.033041517276356694,
      "theta": 0.2617993877991494,
      "v_w": 0.3
    },
    {
      "H": 1.5,
      "rel_rmse": 0.026847284770151737,
      "theta": 0.2617993877991494,
      "v_w": 0.5
    },
    {
      "H": 1.5,
      "rel_rmse": 0.02988274642910054,
      "theta": 0.2617993877991494,
      "v_w": 0.7
    },
    {
      "H": 1.5,
      "rel_rmse": 0.035466614216662314,
      "theta": 0.2617993877991494,
      "v_w": 0.9
    },
    {
      "H": 1.5,
      "rel_rmse": 0.027101303254299235,
      "theta": 0.7853981633974483,
      "v_w": 0.3
    },
    {
      "H": 1.5,
      "rel_rmse": 0.027250173347925382,
      "theta": 0.7853981633974483,
      "v_w": 0.5
    },
    {
      "H": 1.5,
      "rel_rmse": 0.02894380160501062,
      "theta": 0.7853981633974483,
      "v_w": 0.7
    },
    {
      "H": 1.5,
      "rel_rmse": 0.0328539640915054,
      "theta": 0.7853981633974483,
      "v_w": 0.9
    },
    {
      "H": 1.5,
      "rel_rmse": 0.018467604430775882,
      "theta": 1.308996938995747,
      "v_w": 0.3
    },
    {
      "H": 1.5,
      "rel_rmse": 0.028493011146235123,
      "theta": 1.308996938995747,
      "v_w": 0.5
    },
    {
      "H": 1.5,
      "rel_rmse": 0.026125195906685276,
      "theta": 1.308996938995747,
      "v_w": 0.7
    },
    {
      "H": 1.5,
      "rel_rmse": 0.02717243348238118,
      "theta": 1.308996938995747,
      "v_w": 0.9
    },
    {
      "H": 1.5,
      "rel_rmse": 0.013264231402067015,
      "theta": 1.832595714594046,
      "v_w": 0.3
    },
    {
      "H": 1.5,
      "rel_rmse": 0.024841704938821017,
      "theta": 1.832595714594046,
      "v_w": 0.5
    },
    {
      "H": 1.5,
      "rel_rmse": 0.015156196141918415,
      "theta": 1.832595714594046,
      "v_w": 0.7
    },
    {
      "H": 1.5,
      "rel_rmse": 0.014150791572501452,
      "theta": 1.832595714594046,
      "v_w": 0.9
    },
    {
      "H": 1.5,
      "rel_rmse": 0.019903332344960764,
      "theta": 2.356194490192345,
      "v_w": 0.3
    },
    {
      "H": 1.5,
      "rel_rmse": 0.004617462047839486,
      "theta": 2.356194490192345,
      "v_w": 0.5
    },
    {
      "H": 1.5,
      "rel_rmse": 0.016619819984740523,
      "theta": 2.356194490192345,
      "v_w": 0.7
    },
    {
      "H": 1.5,
      "rel_rmse": 0.020741252426375822,
      "theta": 2.356194490192345,
      "v_w": 0.9
    },
    {
      "H": 1.5,
      "rel_rmse": 0.05757272920095534,
      "theta": 2.879793265790644,
      "v_w": 0.3
    },
    {
      "H": 1.5,
      "rel_rmse": 0.032410788869994565,
      "theta": 2.879793265790644,
      "v_w": 0.5
    },
    {
      "H": 1.5,
      "rel_rmse": 0.015039519419123099,
      "theta": 2.879793265790644,
      "v_w": 0.7
    },
    {
      "H": 1.5,
      "rel_rmse": 0.02668598289921639,
      "theta": 2.879793265790644,
      "v_w": 0.9
    },
    {
      "H": 2.0,
      "rel_rmse": 0.0760929302211641,
      "theta": 0.2617993877991494,