{
  "AIC": -6099.636199903693,
  "BIC": -6010.819533459218,
  "F0_ode": {
    "0.2617993878": 0.40721391266,
    "0.7853981634": 0.44640052771,
    "1.3089969390": 0.54033047422,
    "1.8325957146": 0.73593139451,
    "2.3561944902": 1.1805586406,
    "2.8797932658": 2.6857497222
  },
  "beta": 0.0,
  "canonical_xi_form": "xi = (2 x / (3 t_osc))^(3/2) * f_tilde / F0",
  "f_infty_lattice": {
    "0.2617993878": 2.2146335097297936,
    "0.7853981634": 2.2623753813750884,
    "1.3089969390": 2.3553258116825644,
    "1.8325957146": 2.4969597769501095,
    "2.3561944902": 2.7405348127716964,
    "2.8797932658": 3.4937149060059034
  },
  "f_infty_ode": {
    "0.2617993878": 1.757898298810238,
    "0.7853981634": 1.7945413776000563,
    "1.3089969390": 1.871044795683489,
    "1.8325957146": 1.994862866610991,
    "2.3561944902": 2.1789061760314565,
    "2.8797932658": 2.4368914360398586
  },
  "f_tilde_form": "f_tilde = f_infty(theta0) + F0(theta0) / ((2 x / (3 t_osc))^(3/2) * D), with tc(theta0,v_w) = tc0(v_w) * (h(theta0)+h0)^(gamma(v_w)) and r = r(v_w)",
  "gamma_by_vw": {
    "0.3": 0.9034264049452062,
    "0.5": 1.0870138482862375,
    "0.7": 1.5129532437880464,
    "0.9": 1.6193207494588646
  },
  "h0": 3.4456587648257693,
  "h_theta_form": "h(theta0) = log(e / cos(theta0/2)^2)",
  "label": "$r(v_w)$, $t_c^{(0)}(v_w)\\,(h(\\theta_0)+h_0)^{\\gamma(v_w)}$",
  "mean_raw_rmse_by_h": {
    "1.0": 0.018403412131790555,
    "1.5": 0.016451812233011367,
    "2.0": 0.01770116297634836
  },
  "mean_raw_rmse_by_h_vw": {
    "H1.0_vw0.3": 0.019645823250380837,
    "H1.0_vw0.5": 0.019316045184124213,
    "H1.0_vw0.7": 0.01769436431677399,
    "H1.0_vw0.9": 0.016957415775883184,
    "H1.5_vw0.3": 0.024013019331770507,
    "H1.5_vw0.5": 0.021954134938322666,
    "H1.5_vw0.7": 0.01052595202583483,
    "H1.5_vw0.9": 0.00931414263611747,
    "H2.0_vw0.3": 0.038423378816862135,
    "H2.0_vw0.5": 0.0247286515888431,
    "H2.0_vw0.7": 0.003757599291425599,
    "H2.0_vw0.9": 0.0038950222082626052
  },
  "message": "`ftol` termination condition is satisfied.",
  "mode": "rvw_theta_h0_gammavw",
  "n_params": 19,
  "n_points": 792,
  "per_vw_rel_rmse": {
    "0.3": 0.029346267259345925,
    "0.5": 0.023056290721132685,
    "0.7": 0.013310556262216758,
    "0.9": 0.012401408285274553
  },
  "r_by_vw": {
    "0.3": 3.7292748410764065,
    "0.5": 2.9468712704747233,
    "0.7": 1.9949359880443858,
    "0.9": 1.84384702369735
  },
  "raw_plot_rmse": [
    {
      "H": 1.0,
      "rel_rmse": 0.029074694724030056,
      "theta": 0.2617993877991494,
      "v_w": 0.3
    },
    {
      "H": 1.0,
      "rel_rmse": 0.029764659948189047,
      "theta": 0.2617993877991494,
      "v_w": 0.5
    },
    {
      "H": 1.0,
      "rel_rmse": 0.028094322121116014,
      "theta": 0.2617993877991494,
      "v_w": 0.7
    },
    {
      "H": 1.0,
      "rel_rmse": 0.025814798882257423,
      "theta": 0.2617993877991494,
      "v_w": 0.9
    },
    {
      "H": 1.0,
      "rel_rmse": 0.02499369555706049,
      "theta": 0.7853981633974483,
      "v_w": 0.3
    },
    {
      "H": 1.0,
      "rel_rmse": 0.026850818923977254,
      "theta": 0.7853981633974483,
      "v_w": 0.5
    },
    {
      "H": 1.0,
      "rel_rmse": 0.025120800013592078,
      "theta": 0.7853981633974483,
      "v_w": 0.7
    },
    {
      "H": 1.0,
      "rel_rmse": 0.022865982699001756,
      "theta": 0.7853981633974483,
      "v_w": 0.9
    },
    {
      "H": 1.0,
      "rel_rmse": 0.0172538396008837,
      "theta": 1.308996938995747,
      "v_w": 0.3
    },
    {
      "H": 1.0,
      "rel_rmse": 0.022322624347677858,
      "theta": 1.308996938995747,
      "v_w": 0.5
    },
    {
      "H": 1.0,
      "rel_rmse": 0.021912404132798532,
      "theta": 1.308996938995747,
      "v_w": 0.7
    },
    {
      "H": 1.0,
      "rel_rmse": 0.02092959033237144,
      "theta": 1.308996938995747,
      "v_w": 0.9
    },
    {
      "H": 1.0,
      "rel_rmse": 0.01043628118213476,
      "theta": 1.832595714594046,
      "v_w": 0.3
    },
    {
      "H": 1.0,
      "rel_rmse": 0.014629832635046825,
      "theta": 1.832595714594046,
      "v_w": 0.5
    },
    {
      "H": 1.0,
      "rel_rmse": 0.018023480632966396,
      "theta": 1.832595714594046,
      "v_w": 0.7
    },
    {
      "H": 1.0,
      "rel_rmse": 0.018267750778116976,
      "theta": 1.832595714594046,
      "v_w": 0.9
    },
    {
      "H": 1.0,
      "rel_rmse": 0.02604153151003862,
      "theta": 2.356194490192345,
      "v_w": 0.3
    },
    {
      "H": 1.0,
      "rel_rmse": 0.010523803194066324,
      "theta": 2.356194490192345,
      "v_w": 0.5
    },
    {
      "H": 1.0,
      "rel_rmse": 0.00552106458637322,
      "theta": 2.356194490192345,
      "v_w": 0.7
    },
    {
      "H": 1.0,
      "rel_rmse": 0.007353804012859045,
      "theta": 2.356194490192345,
      "v_w": 0.9
    },
    {
      "H": 1.0,
      "rel_rmse": 0.0100748969281374,
      "theta": 2.879793265790644,
      "v_w": 0.3
    },
    {
      "H": 1.0,
      "rel_rmse": 0.011804532055787976,
      "theta": 2.879793265790644,
      "v_w": 0.5
    },
    {
      "H": 1.0,
      "rel_rmse": 0.007494114413797707,
      "theta": 2.879793265790644,
      "v_w": 0.7
    },
    {
      "H": 1.0,
      "rel_rmse": 0.006512567950692466,
      "theta": 2.879793265790644,
      "v_w": 0.9
    },
    {
      "H": 1.5,
      "rel_rmse": 0.021559592204641643,
      "theta": 0.2617993877991494,
      "v_w": 0.3
    },
    {
      "H": 1.5,
      "rel_rmse": 0.021544335983215774,
      "theta": 0.2617993877991494,
      "v_w": 0.5
    },
    {
      "H": 1.5,
      "rel_rmse": 0.00957782345087119,
      "theta": 0.2617993877991494,
      "v_w": 0.7
    },
    {
      "H": 1.5,
      "rel_rmse": 0.009529877466180763,
      "theta": 0.2617993877991494,
      "v_w": 0.9
    },
    {
      "H": 1.5,
      "rel_rmse": 0.024747386521384494,
      "theta": 0.7853981633974483,
      "v_w": 0.3
    },
    {
      "H": 1.5,
      "rel_rmse": 0.024368714727663915,
      "theta": 0.7853981633974483,
      "v_w": 0.5
    },
    {
      "H": 1.5,
      "rel_rmse": 0.010689940760072807,
      "theta": 0.7853981633974483,
      "v_w": 0.7
    },
    {
      "H": 1.5,
      "rel_rmse": 0.00997100666805623,
      "theta": 0.7853981633974483,
      "v_w": 0.9
    },
    {
      "H": 1.5,
      "rel_rmse": 0.029403337901149216,
      "theta": 1.308996938995747,
      "v_w": 0.3
    },
    {
      "H": 1.5,
      "rel_rmse": 0.02915248984022145,
      "theta": 1.308996938995747,
      "v_w": 0.5
    },
    {
      "H": 1.5,
      "rel_rmse": 0.013713958397942505,
      "theta": 1.308996938995747,
      "v_w": 0.7
    },
    {
      "H": 1.5,
      "rel_rmse": 0.011890342946410136,
      "theta": 1.308996938995747,
      "v_w": 0.9
    },
    {
      "H": 1.5,
      "rel_rmse": 0.025924343413094648,
      "theta": 1.832595714594046,
      "v_w": 0.3
    },
    {
      "H": 1.5,
      "rel_rmse": 0.027822183651982732,
      "theta": 1.832595714594046,
      "v_w": 0.5
    },
    {
      "H": 1.5,
      "rel_rmse": 0.012463056442736336,
      "theta": 1.832595714594046,
      "v_w": 0.7
    },
    {
      "H": 1.5,
      "rel_rmse": 0.010792494104626321,
      "theta": 1.832595714594046,
      "v_w": 0.9
    },
    {
      "H": 1.5,
      "rel_rmse": 0.014265982452918421,
      "theta": 2.356194490192345,
      "v_w": 0.3
    },
    {
      "H": 1.5,
      "rel_rmse": 0.006726674435947591,
      "theta": 2.356194490192345,
      "v_w": 0.5
    },
    {
      "H": 1.5,
      "rel_rmse": 0.004831521895424802,
      "theta": 2.356194490192345,
      "v_w": 0.7
    },
    {
      "H": 1.5,
      "rel_rmse": 0.003363016247786521,
      "theta": 2.356194490192345,
      "v_w": 0.9
    },
    {
      "H": 1.5,
      "rel_rmse": 0.028177473497434616,
      "theta": 2.879793265790644,
      "v_w": 0.3
    },
    {
      "H": 1.5,
      "rel_rmse": 0.02211041099090454,
      "theta": 2.879793265790644,