{
  "AIC": -6029.58815366888,
  "BIC": -5870.653066347189,
  "F0_ode": {
    "0.2617993878": 0.40721391266,
    "0.7853981634": 0.44640052771,
    "1.3089969390": 0.54033047422,
    "1.8325957146": 0.73593139451,
    "2.3561944902": 1.1805586406,
    "2.8797932658": 2.6857497222
  },
  "beta": 0.0,
  "canonical_xi_form": "xi = (2 x / (3 t_osc))^(3/2) * f_tilde / F0",
  "f_infty_lattice": {
    "0.2617993878": 2.1237745806319412,
    "0.7853981634": 2.1909575147163736,
    "1.3089969390": 2.3266626032122257,
    "1.8325957146": 2.5389833520517358,
    "2.3561944902": 2.5502562333357974,
    "2.8797932658": 3.309415121178572
  },
  "f_infty_ode": {
    "0.2617993878": 1.757898298810238,
    "0.7853981634": 1.7945413776000563,
    "1.3089969390": 1.871044795683489,
    "1.8325957146": 1.994862866610991,
    "2.3561944902": 2.1789061760314565,
    "2.8797932658": 2.4368914360398586
  },
  "f_tilde_form": "f_tilde = f_infty(theta0) + F0(theta0) / ((2 x / (3 t_osc))^(3/2) * D), with r = r(v_w)",
  "label": "$r(v_w)$, $t_c(\\theta_0,v_w)$",
  "mean_raw_rmse_by_h": {
    "1.0": 0.0201003531706343,
    "1.5": 0.015868072853103533,
    "2.0": 0.018809256126152554
  },
  "mean_raw_rmse_by_h_vw": {
    "H1.0_vw0.3": 0.020123851271610534,
    "H1.0_vw0.5": 0.020890277711181012,
    "H1.0_vw0.7": 0.020262213487006363,
    "H1.0_vw0.9": 0.019125070212739282,
    "H1.5_vw0.3": 0.02392397594165241,
    "H1.5_vw0.5": 0.02088885939711407,
    "H1.5_vw0.7": 0.009954736118302271,
    "H1.5_vw0.9": 0.008704719955345391,
    "H2.0_vw0.3": 0.040031556076779155,
    "H2.0_vw0.5": 0.023630304326887466,
    "H2.0_vw0.7": 0.00595880296760419,
    "H2.0_vw0.9": 0.0056163611333394
  },
  "message": "`ftol` termination condition is satisfied.",
  "mode": "rvw_theta",
  "n_params": 34,
  "n_points": 792,
  "per_vw_rel_rmse": {
    "0.3": 0.02989171325521758,
    "0.5": 0.022716032584016582,
    "0.7": 0.014741139812752232,
    "0.9": 0.013650367036243906
  },
  "r_by_vw": {
    "0.3": 4.7138966243328735,
    "0.5": 3.6049915222630182,
    "0.7": 2.350504507783839,
    "0.9": 2.1580593110373036
  },
  "raw_plot_rmse": [
    {
      "H": 1.0,
      "rel_rmse": 0.0235312976018188,
      "theta": 0.2617993877991494,
      "v_w": 0.3
    },
    {
      "H": 1.0,
      "rel_rmse": 0.028183452970119927,
      "theta": 0.2617993877991494,
      "v_w": 0.5
    },
    {
      "H": 1.0,
      "rel_rmse": 0.02859914593931809,
      "theta": 0.2617993877991494,
      "v_w": 0.7
    },
    {
      "H": 1.0,
      "rel_rmse": 0.027034802685695476,
      "theta": 0.2617993877991494,
      "v_w": 0.9
    },
    {
      "H": 1.0,
      "rel_rmse": 0.023641968443619838,
      "theta": 0.7853981633974483,
      "v_w": 0.3
    },
    {
      "H": 1.0,
      "rel_rmse": 0.028057603325015713,
      "theta": 0.7853981633974483,
      "v_w": 0.5
    },
    {
      "H": 1.0,
      "rel_rmse": 0.027747342303833127,
      "theta": 0.7853981633974483,
      "v_w": 0.7
    },
    {
      "H": 1.0,
      "rel_rmse": 0.025504077474502708,
      "theta": 0.7853981633974483,
      "v_w": 0.9
    },
    {
      "H": 1.0,
      "rel_rmse": 0.023138062478869088,
      "theta": 1.308996938995747,
      "v_w": 0.3
    },
    {
      "H": 1.0,
      "rel_rmse": 0.027389814277900947,
      "theta": 1.308996938995747,
      "v_w": 0.5
    },
    {
      "H": 1.0,
      "rel_rmse": 0.026639771078067552,
      "theta": 1.308996938995747,
      "v_w": 0.7
    },
    {
      "H": 1.0,
      "rel_rmse": 0.02463042303079235,
      "theta": 1.308996938995747,
      "v_w": 0.9
    },
    {
      "H": 1.0,
      "rel_rmse": 0.019719664601649336,
      "theta": 1.832595714594046,
      "v_w": 0.3
    },
    {
      "H": 1.0,
      "rel_rmse": 0.02263182441821918,
      "theta": 1.832595714594046,
      "v_w": 0.5
    },
    {
      "H": 1.0,
      "rel_rmse": 0.02328728447926275,
      "theta": 1.832595714594046,
      "v_w": 0.7
    },
    {
      "H": 1.0,
      "rel_rmse": 0.021011246507429436,
      "theta": 1.832595714594046,
      "v_w": 0.9
    },
    {
      "H": 1.0,
      "rel_rmse": 0.021392791871764846,
      "theta": 2.356194490192345,
      "v_w": 0.3
    },
    {
      "H": 1.0,
      "rel_rmse": 0.01039535450433393,
      "theta": 2.356194490192345,
      "v_w": 0.5
    },
    {
      "H": 1.0,
      "rel_rmse": 0.006163617056280015,
      "theta": 2.356194490192345,
      "v_w": 0.7
    },
    {
      "H": 1.0,
      "rel_rmse": 0.007497454678746486,
      "theta": 2.356194490192345,
      "v_w": 0.9
    },
    {
      "H": 1.0,
      "rel_rmse": 0.009319322631941289,
      "theta": 2.879793265790644,
      "v_w": 0.3
    },
    {
      "H": 1.0,
      "rel_rmse": 0.00868361677149637,
      "theta": 2.879793265790644,
      "v_w": 0.5
    },
    {
      "H": 1.0,
      "rel_rmse": 0.009136120065276648,
      "theta": 2.879793265790644,
      "v_w": 0.7
    },
    {
      "H": 1.0,
      "rel_rmse": 0.009072416899269247,
      "theta": 2.879793265790644,
      "v_w": 0.9
    },
    {
      "H": 1.5,
      "rel_rmse": 0.02520324727050119,
      "theta": 0.2617993877991494,
      "v_w": 0.3
    },
    {
      "H": 1.5,
      "rel_rmse": 0.022311375497595112,
      "theta": 0.2617993877991494,
      "v_w": 0.5
    },
    {
      "H": 1.5,
      "rel_rmse": 0.009187240241281381,
      "theta": 0.2617993877991494,
      "v_w": 0.7
    },
    {
      "H": 1.5,
      "rel_rmse": 0.008754105560666027,
      "theta": 0.2617993877991494,
      "v_w": 0.9
    },
    {
      "H": 1.5,
      "rel_rmse": 0.024784528242321108,
      "theta": 0.7853981633974483,
      "v_w": 0.3
    },
    {
      "H": 1.5,
      "rel_rmse": 0.023220446416307976,
      "theta": 0.7853981633974483,
      "v_w": 0.5
    },
    {
      "H": 1.5,
      "rel_rmse": 0.009737796841272016,
      "theta": 0.7853981633974483,
      "v_w": 0.7
    },
    {
      "H": 1.5,
      "rel_rmse": 0.00895057985956396,
      "theta": 0.7853981633974483,
      "v_w": 0.9
    },
    {
      "H": 1.5,
      "rel_rmse": 0.024282957756692515,
      "theta": 1.308996938995747,
      "v_w": 0.3
    },
    {
      "H": 1.5,
      "rel_rmse": 0.02500059491325808,
      "theta": 1.308996938995747,
      "v_w": 0.5
    },
    {
      "H": 1.5,
      "rel_rmse": 0.011831815567809156,
      "theta": 1.308996938995747,
      "v_w": 0.7
    },
    {
      "H": 1.5,
      "rel_rmse": 0.010347120821542186,
      "theta": 1.308996938995747,
      "v_w": 0.9
    },
    {
      "H": 1.5,
      "rel_rmse": 0.021307084128971178,
      "theta": 1.832595714594046,
      "v_w": 0.3
    },
    {
      "H": 1.5,
      "rel_rmse": 0.02277587011181111,
      "theta": 1.832595714594046,
      "v_w": 0.5
    },
    {
      "H": 1.5,
      "rel_rmse": 0.010532778234982791,
      "theta": 1.832595714594046,
      "v_w": 0.7
    },
    {
      "H": 1.5,
      "rel_rmse": 0.009823133067230524,
      "theta": 1.832595714594046,
      "v_w": 0.9
    },
    {
      "H": 1.5,
      "rel_rmse": 0.019547986923684552,
      "theta": 2.356194490192345,
      "v_w": 0.3
    },
    {
      "H": 1.5,
      "rel_rmse": 0.007972769025783057,
      "theta": 2.356194490192345,
      "v_w": 0.5
    },
    {
      "H": 1.5,
      "rel_rmse": 0.005000162075679188,
      "theta": 2.356194490192345,
      "v_w": 0.7
    },
    {
      "H": 1.5,
      "rel_rmse": 0.00298005856347184,
      "theta": 2.356194490192345,
      "v_w": 0.9
    },
    {
      "H": 1.5,
      "rel_rmse": 0.028418051327743936,
      "theta": 2.879793265790644,
      "v_w": 0.3
    },
    {
      "H": 1.5,
      "rel_rmse": 0.024052100417929063,
      "theta": 2.879793265790644,
      "v_w": 0.5
    },
    {
      "H": 1.5,
      "rel_rmse": 0.013438623748789097,
      "theta": 2.879793265790644,
      "v_w": 0.7
    },
    {
      "H": 1.5,
      "rel_rmse": 0.011373321859597808,
      "theta": 2.879793265790644,
      "v_w": 0.9
    },
    {
      "H": 2.0,
      "rel_rmse": 0.05121100816699943,
      "theta": 0.2617993877991494,