{
  "AIC": -5860.629289599588,
  "BIC": -5790.510868722372,
  "F0_ode": {
    "0.2617993878": 0.40721391266,
    "0.7853981634": 0.44640052771,
    "1.3089969390": 0.54033047422,
    "1.8325957146": 0.73593139451,
    "2.3561944902": 1.1805586406,
    "2.8797932658": 2.6857497222
  },
  "beta": 0.0,
  "canonical_xi_form": "xi = (2 x / (3 t_osc))^(3/2) * f_tilde / F0",
  "f_infty_lattice": {
    "0.2617993878": 2.188804921047727,
    "0.7853981634": 2.1994617017731577,
    "1.3089969390": 2.2266872957562773,
    "1.8325957146": 2.2855554820141553,
    "2.3561944902": 2.4439086610861787,
    "2.8797932658": 3.161709569039737
  },
  "f_infty_ode": {
    "0.2617993878": 1.757898298810238,
    "0.7853981634": 1.7945413776000563,
    "1.3089969390": 1.871044795683489,
    "1.8325957146": 1.994862866610991,
    "2.3561944902": 2.1789061760314565,
    "2.8797932658": 2.4368914360398586
  },
  "f_tilde_form": "f_tilde = f_infty(theta0) + F0(theta0) / ((2 x / (3 t_osc))^(3/2) * D), with tc(theta0,v_w) = tc0(v_w) * h(theta0)^gamma and r = r(v_w)",
  "gamma": 0.6341031553245923,
  "h_theta_form": "h(theta0) = log(e / cos(theta0/2)^2)",
  "label": "$r(v_w)$, $t_c^{(0)}(v_w)\\,h(\\theta_0)^\\gamma$",
  "mean_raw_rmse_by_h": {
    "1.0": 0.023728237151768344,
    "1.5": 0.017445590771987977,
    "2.0": 0.022288288243525304
  },
  "mean_raw_rmse_by_h_vw": {
    "H1.0_vw0.3": 0.024780505020344203,
    "H1.0_vw0.5": 0.02135496957169314,
    "H1.0_vw0.7": 0.023716863309492228,
    "H1.0_vw0.9": 0.025060610705543798,
    "H1.5_vw0.3": 0.025179483189081142,
    "H1.5_vw0.5": 0.02191736442099729,
    "H1.5_vw0.7": 0.011960900137902233,
    "H1.5_vw0.9": 0.010724615339971239,
    "H2.0_vw0.3": 0.04543998113955727,
    "H2.0_vw0.5": 0.027495877975622474,
    "H2.0_vw0.7": 0.006927920813322262,
    "H2.0_vw0.9": 0.009289373045599215
  },
  "message": "`ftol` termination condition is satisfied.",
  "mode": "rvw_theta_hgamma",
  "n_params": 15,
  "n_points": 792,
  "per_vw_rel_rmse": {
    "0.3": 0.034106700698823926,
    "0.5": 0.02512422506022645,
    "0.7": 0.01639913446932469,
    "0.9": 0.01706491277013596
  },
  "r_by_vw": {
    "0.3": 4.681481997993279,
    "0.5": 3.5095671160247757,
    "0.7": 2.453175290904423,
    "0.9": 2.304903099472651
  },
  "raw_plot_rmse": [
    {
      "H": 1.0,
      "rel_rmse": 0.03755886612740452,
      "theta": 0.2617993877991494,
      "v_w": 0.3
    },
    {
      "H": 1.0,
      "rel_rmse": 0.03988328017896192,
      "theta": 0.2617993877991494,
      "v_w": 0.5
    },
    {
      "H": 1.0,
      "rel_rmse": 0.03377334355007398,
      "theta": 0.2617993877991494,
      "v_w": 0.7
    },
    {
      "H": 1.0,
      "rel_rmse": 0.030874536570791047,
      "theta": 0.2617993877991494,
      "v_w": 0.9
    },
    {
      "H": 1.0,
      "rel_rmse": 0.028189512258460756,
      "theta": 0.7853981633974483,
      "v_w": 0.3
    },
    {
      "H": 1.0,
      "rel_rmse": 0.03218895699421888,
      "theta": 0.7853981633974483,
      "v_w": 0.5
    },
    {
      "H": 1.0,
      "rel_rmse": 0.02636096901516676,
      "theta": 0.7853981633974483,
      "v_w": 0.7
    },
    {
      "H": 1.0,
      "rel_rmse": 0.02329124434782187,
      "theta": 0.7853981633974483,
      "v_w": 0.9
    },
    {
      "H": 1.0,
      "rel_rmse": 0.013586159566470843,
      "theta": 1.308996938995747,
      "v_w": 0.3
    },
    {
      "H": 1.0,
      "rel_rmse": 0.02121156662790425,
      "theta": 1.308996938995747,
      "v_w": 0.5
    },
    {
      "H": 1.0,
      "rel_rmse": 0.021252916018600645,
      "theta": 1.308996938995747,
      "v_w": 0.7
    },
    {
      "H": 1.0,
      "rel_rmse": 0.020947792506156807,
      "theta": 1.308996938995747,
      "v_w": 0.9
    },
    {
      "H": 1.0,
      "rel_rmse": 0.012249910008640438,
      "theta": 1.832595714594046,
      "v_w": 0.3
    },
    {
      "H": 1.0,
      "rel_rmse": 0.007147612430746043,
      "theta": 1.832595714594046,
      "v_w": 0.5
    },
    {
      "H": 1.0,
      "rel_rmse": 0.022205700365389776,
      "theta": 1.832595714594046,
      "v_w": 0.7
    },
    {
      "H": 1.0,
      "rel_rmse": 0.025952703889816325,
      "theta": 1.832595714594046,
      "v_w": 0.9
    },
    {
      "H": 1.0,
      "rel_rmse": 0.026853998464644823,
      "theta": 2.356194490192345,
      "v_w": 0.3
    },
    {
      "H": 1.0,
      "rel_rmse": 0.015454853655595324,
      "theta": 2.356194490192345,
      "v_w": 0.5
    },
    {
      "H": 1.0,
      "rel_rmse": 0.01634043807703664,
      "theta": 2.356194490192345,
      "v_w": 0.7
    },
    {
      "H": 1.0,
      "rel_rmse": 0.021713050552094517,
      "theta": 2.356194490192345,
      "v_w": 0.9
    },
    {
      "H": 1.0,
      "rel_rmse": 0.030244583696443828,
      "theta": 2.879793265790644,
      "v_w": 0.3
    },
    {
      "H": 1.0,
      "rel_rmse": 0.012243547542732418,
      "theta": 2.879793265790644,
      "v_w": 0.5
    },
    {
      "H": 1.0,
      "rel_rmse": 0.022367812830685563,
      "theta": 2.879793265790644,
      "v_w": 0.7
    },
    {
      "H": 1.0,
      "rel_rmse": 0.027584336366582207,
      "theta": 2.879793265790644,
      "v_w": 0.9
    },
    {
      "H": 1.5,
      "rel_rmse": 0.013225894010665398,
      "theta": 0.2617993877991494,
      "v_w": 0.3
    },
    {
      "H": 1.5,
      "rel_rmse": 0.013038552407823114,
      "theta": 0.2617993877991494,
      "v_w": 0.5
    },
    {
      "H": 1.5,
      "rel_rmse": 0.012606482414269572,
      "theta": 0.2617993877991494,
      "v_w": 0.7
    },
    {
      "H": 1.5,
      "rel_rmse": 0.012919680604282816,
      "theta": 0.2617993877991494,
      "v_w": 0.9
    },
    {
      "H": 1.5,
      "rel_rmse": 0.019264366826378363,
      "theta": 0.7853981633974483,
      "v_w": 0.3
    },
    {
      "H": 1.5,
      "rel_rmse": 0.01817644595024492,
      "theta": 0.7853981633974483,
      "v_w": 0.5
    },
    {
      "H": 1.5,
      "rel_rmse": 0.013697969117633938,
      "theta": 0.7853981633974483,
      "v_w": 0.7
    },
    {
      "H": 1.5,
      "rel_rmse": 0.013599119884281708,
      "theta": 0.7853981633974483,
      "v_w": 0.9
    },
    {
      "H": 1.5,
      "rel_rmse": 0.03077857124959365,
      "theta": 1.308996938995747,
      "v_w": 0.3
    },
    {
      "H": 1.5,
      "rel_rmse": 0.029161152414046765,
      "theta": 1.308996938995747,
      "v_w": 0.5
    },
    {
      "H": 1.5,
      "rel_rmse": 0.016658405572170295,
      "theta": 1.308996938995747,
      "v_w": 0.7
    },
    {
      "H": 1.5,
      "rel_rmse": 0.015280613843579966,
      "theta": 1.308996938995747,
      "v_w": 0.9
    },
    {
      "H": 1.5,
      "rel_rmse": 0.030947949759511453,
      "theta": 1.832595714594046,
      "v_w": 0.3
    },
    {
      "H": 1.5,
      "rel_rmse": 0.03208263702473153,
      "theta": 1.832595714594046,
      "v_w": 0.5
    },
    {
      "H": 1.5,
      "rel_rmse": 0.013843135579918547,
      "theta": 1.832595714594046,
      "v_w": 0.7
    },
    {
      "H": 1.5,
      "rel_rmse": 0.011763905863960653,
      "theta": 1.832595714594046,
      "v_w": 0.9
    },
    {
      "H": 1.5,
      "rel_rmse": 0.025288194862975125,
      "theta": 2.356194490192345,
      "v_w": 0.3
    },
    {
      "H": 1.5,
      "rel_rmse": 0.012881910092512308,
      "theta": 2.356194490192345,
      "v_w": 0.5
    },
    {
      "H": 1.5,
      "rel_rmse": 0.008616848487352719,
      "theta": 2.356194490192345,
      "v_w": 0.7
    },
    {
      "H": 1.5,
      "rel_rmse": 0.008314271910839516,
      "theta": 2.356194490192345,
      "v_w": 0.9
    },
    {
      "H": 1.5,
      "rel_rmse": 0.03157192242536286,
      "theta": 2.879793265790644,
      "v_w": 0.3
    },
    {
      "H": 1.5,
      "rel_rmse": 0.026163488636625105,
      "theta": 2.879793265790644,
      "v_w": 0.5
    },
    {
      "H": 1.5,
      "rel_rmse": 0.006342559656068323,
      "theta": 2.879793265790644,
      "v_w": 0.7
    },
    {
      "H": 1.5,
      "rel_rmse": 0.0024700999328827705,